{
  "holding_current": [
    -0.14185199319617822,
    0.0735358782828476
  ],
  "threshold_current": [
    0.27895832744737464,
    0.05753697370516437
  ],
  "all_holding_current": {
    "C060109A1-SR-C1": -0.020026042064030965,
    "C060109A2-SR-C1": -0.16138541847467422,
    "C060109A3-SR-C1": -0.09770832906166713,
    "C070109A4-C1": -0.21498827263712883,
    "C080501A5-SR-C1": -0.2386601499048993,
    "C080501B2-SR-C1": -0.11834374703466892
  },
  "all_threshold_current": {
    "C060109A1-SR-C1": 0.17874999530613422,
    "C060109A2-SR-C1": 0.3071875125169754,
    "C060109A3-SR-C1": 0.2253124937415123,
    "C070109A4-C1": 0.33406247943639755,
    "C080501A5-SR-C1": 0.2965624872595072,
    "C080501B2-SR-C1": 0.3318749964237213
  }
}