{
  "holding_current": [
    -0.12942549001150214,
    0.08534607090046317
  ],
  "threshold_current": [
    0.31585227247772063,
    0.10018075178466114
  ],
  "all_holding_current": {
    "C060112A3-SR-C1": -0.03695833347737789,
    "C061129A1-SR-C1": -0.38273438066244125,
    "C060109A3-SR-C1": -0.09770832906166713,
    "C060114A5-SR-C1": -0.052484376231829326,
    "C060110A3-SR-C1": -0.08188541581233343,
    "C060110A5-SR-C1": -0.16131250262260438,
    "C060112A6-SR-C1": -0.13648958255847296,
    "C061129A3-SR-C1": -0.2585390567779541,
    "C061208B1-SR-C1": -0.08515625217786202,
    "C061121A1-SR-C1": -0.2586585410484454,
    "C060202A4-SR-C1": -0.14951562620699405,
    "C060114A6-SR-C1": -0.1124687477791061,
    "C060116A3-SR-C1": -0.1380520835518837,
    "C061128A4-SR-C1": -0.10139843616634607,
    "C060114A4-SR-C1": -0.09496354050934315,
    "C061128A5-SR-C1": -0.2340624956879765,
    "C060116A5-SR-C1": -0.1304739572107792,
    "C060209A3-SR-C1": -0.07726562516763806,
    "C060202A5-SR-C1": -0.11614062339067459,
    "C061128B1-SR-C1": -0.17058594040572644,
    "C060114A2-SR-C1": -0.057458331684271495,
    "C061208B2-SR-C1": -0.06400000192224979,
    "C061128B2-SR-C1": -0.29177734106779096,
    "C060112A7-SR-C1": -0.011239582789130509,
    "C060109A2-SR-C1": -0.16138541847467422,
    "C080501B2-SR-C1": -0.11834374703466892,
    "C060202A6-SR-C1": -0.04748621243326103,
    "C060116A4-SR-C1": -0.10557291557391485,
    "C061208A2-SR-C1": -0.09601562479510903,
    "C070109A4-C1": -0.21498827263712883,
    "C060114A7-SR-C1": -0.08637500330805778,
    "C060112A1-SR-C1": -0.12476041441162428,
    "C061128A1-SR-C1": -0.30897657200694084,
    "C060202A1-SR-C1": -0.047414063662290576,
    "C061208A3-SR-C1": -0.06905859438702464,
    "C061128A3-SR-C1": -0.298371091671288,
    "C060110A2-SR-C1": -0.06505208412806193,
    "C060116A6-SR-C1": -0.12168750117222468,
    "C060109A1-SR-C1": -0.020026042064030965,
    "C060202A2-SR-C1": -0.07524999808520079,
    "C080501A5-SR-C1": -0.2386601499048993,
    "C060116A1-SR-C1": -0.06096875071525574,
    "C060116A7-SR-C1": -0.0837187518676122,
    "C060112A4-SR-C1": -0.04928124820192655
  },
  "all_threshold_current": {
    "C060112A3-SR-C1": 0.12218750268220901,
    "C061129A1-SR-C1": 0.5856249928474426,
    "C060109A3-SR-C1": 0.2253124937415123,
    "C060114A5-SR-C1": 0.24375000968575478,
    "C060110A3-SR-C1": 0.3421874865889549,
    "C060110A5-SR-C1": 0.29874999821186066,
    "C060112A6-SR-C1": 0.3218750059604645,
    "C061129A3-SR-C1": 0.4546874910593033,
    "C061208B1-SR-C1": 0.3084375113248825,
    "C061121A1-SR-C1": 0.5231249928474426,
    "C060202A4-SR-C1": 0.33156250417232513,
    "C060114A6-SR-C1": 0.25218749791383743,
    "C060116A3-SR-C1": 0.3609375059604645,
    "C061128A4-SR-C1": 0.23749999701976776,
    "C060114A4-SR-C1": 0.30125000327825546,
    "C061128A5-SR-C1": 0.3178124912083149,
    "C060116A5-SR-C1": 0.37406250834465027,
    "C060209A3-SR-C1": 0.1796875,
    "C060202A5-SR-C1": 0.26124998927116394,
    "C061128B1-SR-C1": 0.4325000196695328,
    "C060114A2-SR-C1": 0.23406250029802322,
    "C061208B2-SR-C1": 0.25187500566244125,
    "C061128B2-SR-C1": 0.49031248688697815,
    "C060112A7-SR-C1": 0.1621875048149377,
    "C060109A2-SR-C1": 0.3071875125169754,
    "C080501B2-SR-C1": 0.3318749964237213,
    "C060202A6-SR-C1": 0.22749999910593033,
    "C060116A4-SR-C1": 0.31562499701976776,
    "C061208A2-SR-C1": 0.3478124886751175,
    "C070109A4-C1": 0.33406247943639755,
    "C060114A7-SR-C1": 0.2628125101327896,
    "C060112A1-SR-C1": 0.2746874913573265,
    "C061128A1-SR-C1": 0.5300000160932541,
    "C060202A1-SR-C1": 0.24125000834465027,
    "C061208A3-SR-C1": 0.2756250128149986,
    "C061128A3-SR-C1": 0.4987499937415123,
    "C060110A2-SR-C1": 0.3256250023841858,
    "C060116A6-SR-C1": 0.41187499463558197,
    "C060109A1-SR-C1": 0.17874999530613422,
    "C060202A2-SR-C1": 0.2931250035762787,
    "C080501A5-SR-C1": 0.2965624872595072,
    "C060116A1-SR-C1": 0.3321874961256981,
    "C060116A7-SR-C1": 0.2503124997019768,
    "C060112A4-SR-C1": 0.2487500049173832
  }
}