{
  "IDthresh_120": {
    "holding": {
      "delay": 0.0,
      "amp": -0.1641248711341716,
      "duration": 3000.0,
      "totduration": 3000.0
    },
    "step": {
      "delay": 700.0000000000001,
      "amp": 0.37681093276634564,
      "thresh_perc": 119.29973775728489,
      "duration": 2000.0,
      "totduration": 3000.0
    }
  },
  "IDhyperpol_150": {
    "holding": {
      "delay": 0.0,
      "amp": -0.4506250023841858,
      "duration": 3000.0,
      "totduration": 3000.0
    },
    "step": {
      "delay": 100.0,
      "tmid": 700.0000000000001,
      "tmid2": 2700.0,
      "toff": 2900.0,
      "amp": 0.19968750327825546,
      "long_amp": -0.24629154860474978,
      "thresh_perc": 130.87378416943255,
      "duration": 2000.0,
      "totduration": 3000.0
    }
  },
  "IDhyperpol_170": {
    "holding": {
      "delay": 0.0,
      "amp": -0.4503124952316284,
      "duration": 3000.0,
      "totduration": 3000.0
    },
    "step": {
      "delay": 100.0,
      "tmid": 700.0000000000001,
      "tmid2": 2700.0,
      "toff": 2900.0,
      "amp": 0.19968750327825546,
      "long_amp": -0.2574925603000749,
      "thresh_perc": 151.57041022149448,
      "duration": 2000.0,
      "totduration": 3000.0
    }
  },
  "IDhyperpol_220": {
    "holding": {
      "delay": 0.0,
      "amp": -0.4503124952316284,
      "duration": 3000.0,
      "totduration": 3000.0
    },
    "step": {
      "delay": 100.0,
      "tmid": 700.0000000000001,
      "tmid2": 2700.0,
      "toff": 2900.0,
      "amp": 0.26656249910593033,
      "long_amp": -0.257614236474404,
      "thresh_perc": 202.12765022048765,
      "duration": 2000.0,
      "totduration": 3000.0
    }
  },
  "IDhyperpol_250": {
    "holding": {
      "delay": 0.0,
      "amp": -0.4503124952316284,
      "duration": 3000.0,
      "totduration": 3000.0
    },
    "step": {
      "delay": 100.0,
      "tmid": 700.0000000000001,
      "tmid2": 2700.0,
      "toff": 2900.0,
      "amp": 0.4134375036228448,
      "long_amp": -0.257614236474404,
      "thresh_perc": 230.76923031414665,
      "duration": 2000.0,
      "totduration": 3000.0
    }
  },
  "IDhyperpol_270": {
    "holding": {
      "delay": 0.0,
      "amp": -0.32718750834465027,
      "duration": 3000.0,
      "totduration": 3000.0
    },
    "step": {
      "delay": 100.0,
      "tmid": 700.0000000000001,
      "tmid2": 2700.0,
      "toff": 2900.0,
      "amp": 0.3334375098347664,
      "long_amp": -0.24595871455276658,
      "thresh_perc": 252.68489021948085,
      "duration": 2000.0,
      "totduration": 3000.0
    }
  },
  "sAHP_150": {
    "holding": {
      "delay": 0.0,
      "amp": -0.0014179687830619514,
      "duration": 2740.0,
      "totduration": 2740.0
    },
    "step": {
      "delay": 20.0,
      "tmid": 520.0,
      "tmid2": 720.0,
      "toff": 2720.0,
      "amp": 0.48657031058100986,
      "long_amp": 0.10452133492851484,
      "thresh_perc": 149.56301983968584,
      "duration": 200.0,
      "totduration": 2740.0
    }
  },
  "sAHP_170": {
    "holding": {
      "delay": 0.0,
      "amp": -0.0016590074006029788,
      "duration": 2740.0,
      "totduration": 2740.0
    },
    "step": {
      "delay": 20.0,
      "tmid": 520.0,
      "tmid2": 720.0,
      "toff": 2720.0,
      "amp": 0.5249862151412183,
      "long_amp": 0.11395324353814187,
      "thresh_perc": 166.92539696708988,
      "duration": 200.0,
      "totduration": 2740.0
    }
  },
  "sAHP_200": {
    "holding": {
      "delay": 0.0,
      "amp": 0.008174543087257118,
      "duration": 2740.0,
      "totduration": 2740.0
    },
    "step": {
      "delay": 20.0,
      "tmid": 520.0,
      "tmid2": 720.0,
      "toff": 2720.0,
      "amp": 0.6433346008700205,
      "long_amp": 0.11936230601301863,
      "thresh_perc": 200.49051178184797,
      "duration": 200.0,
      "totduration": 2740.0
    }
  },
  "sAHP_220": {
    "holding": {
      "delay": 0.0,
      "amp": 0.01036305196911973,
      "duration": 2740.0,
      "totduration": 2740.0
    },
    "step": {
      "delay": 20.0,
      "tmid": 520.0,
      "tmid2": 720.0,
      "toff": 2720.0,
      "amp": 0.6896920870606076,
      "long_amp": 0.12789664477371784,
      "thresh_perc": 216.60234257811348,
      "duration": 200.0,
      "totduration": 2740.0
    }
  },
  "sAHP_250": {
    "holding": {
      "delay": 0.0,
      "amp": -0.001234374986961484,
      "duration": 2740.0,
      "totduration": 2740.0
    },
    "step": {
      "delay": 20.0,
      "tmid": 520.0,
      "tmid2": 720.0,
      "toff": 2720.0,
      "amp": 0.8088554777670651,
      "long_amp": 0.10609151952176415,
      "thresh_perc": 251.0096830124202,
      "duration": 200.0,
      "totduration": 2740.0
    }
  },
  "sAHP_270": {
    "holding": {
      "delay": 0.0,
      "amp": -0.0008958333482344945,
      "duration": 2740.0,
      "totduration": 2740.0
    },
    "step": {
      "delay": 20.0,
      "tmid": 520.0,
      "tmid2": 720.0,
      "toff": 2720.0,
      "amp": 0.8805208438386519,
      "long_amp": 0.1090447383176521,
      "thresh_perc": 265.94234040997793,
      "duration": 200.0,
      "totduration": 2740.0
    }
  },
  "sAHP_300": {
    "holding": {
      "delay": 0.0,
      "amp": -0.000735294128603795,
      "duration": 2740.0,
      "totduration": 2740.0
    },
    "step": {
      "delay": 20.0,
      "tmid": 520.0,
      "tmid2": 720.0,
      "toff": 2720.0,
      "amp": 0.9289705760448295,
      "long_amp": 0.11332192303456148,
      "thresh_perc": 299.24733930193264,
      "duration": 200.0,
      "totduration": 2740.0
    }
  },
  "sAHP_350": {
    "holding": {
      "delay": 0.0,
      "amp": -0.0009375000081490725,
      "duration": 2740.0,
      "totduration": 2740.0
    },
    "step": {
      "delay": 20.0,
      "tmid": 520.0,
      "tmid2": 720.0,
      "toff": 2720.0,
      "amp": 1.06391112782876,
      "long_amp": 0.11697108224371686,
      "thresh_perc": 350.48618594359084,
      "duration": 200.0,
      "totduration": 2740.0
    }
  },
  "APThreshold_300": {
    "holding": {
      "delay": 0.0,
      "amp": -0.11871829723426397,
      "duration": 2040.0,
      "totduration": 2040.0
    },
    "step": {
      "delay": 10.0,
      "amp": 0.9349642389482069,
      "thresh_perc": 296.0131429841642,
      "duration": 1990.0,
      "totduration": 2040.0
    }
  },
  "APThreshold_330": {
    "holding": {
      "delay": 0.0,
      "amp": -0.12974826484504673,
      "duration": 2040.0,
      "totduration": 2040.0
    },
    "step": {
      "delay": 10.0,
      "amp": 1.0391840612307424,
      "thresh_perc": 329.0095249525373,
      "duration": 1990.0,
      "totduration": 2040.0
    }
  }
}