{
    "cADpyr_L6BPC2": [
        {
            "thresh": -0.027462159341169648,
            "holding": 0.03364195454828299
        }
    ],
    "cADpyr_L6BPC6": [
        {
            "thresh": -0.03164362756842919,
            "holding": 0.04010644119893621
        }
    ],
    "cADpyr_L6BPC8": [
        {
            "thresh": -0.025134977156900058,
            "holding": 0.03230535774787541
        }
    ],
    "cADpyr_L2TPC3": [
        {
            "thresh": -0.00005749298485927867,
            "holding": 0.05241271645023909
        }
    ],
    "cADpyr_L4UPC7": [
        {
            "thresh": -0.047828378481958464,
            "holding": 0.07638990687114232
        }
    ],
    "cADpyr_L4UPC5": [
        {
            "thresh": -0.03431847936624808,
            "holding": 0.0537382568795236
        }
    ],
    "cADpyr_L4UPC1": [
        {
            "thresh": -0.0365905037860202,
            "holding": 0.05605980442501409
        }
    ],
    "cADpyr_L5TPC1": [
        {
            "thresh": -0.06227060489706087,
            "holding": 0.2585100377694851
        }
    ],
    "cADpyr_L2IPC4": [
        {
            "thresh": -0.004072879502596693,
            "holding": 0.04223837594003261
        }
    ],
    "cADpyr_L3TPC8": [
        {
            "thresh": -0.009083064438383054,
            "holding": 0.05081384165282086
        }
    ],
    "cADpyr_L5TPC5": [
        {
            "thresh": -0.09955911670258971,
            "holding": 0.3138040747404321
        }
    ],
    "cADpyr_L5TPC6": [
        {
            "thresh": -0.09077122269774937,
            "holding": 0.2771018023677696
        }
    ],
    "cADpyr_L2IPC8": [
        {
            "thresh": -0.003597156070207971,
            "holding": 0.04534345824981645
        }
    ],
    "cADpyr_L2IPC2": [
        {
            "thresh": -0.008709122885409728,
            "holding": 0.05557147016874517
        }
    ],
    "cADpyr_L6HPC2": [
        {
            "thresh": -0.020486199600649884,
            "holding": 0.04704828269899329
        }
    ],
    "cADpyr_L6IPC1": [
        {
            "thresh": -0.02820480929556746,
            "holding": 0.03422340769479456
        }
    ],
    "cADpyr_L6HPC1": [
        {
            "thresh": -0.03400855349028206,
            "holding": 0.06663166589719188
        }
    ],
    "cADpyr_L6HPC7": [
        {
            "thresh": -0.03562079410648694,
            "holding": 0.046010745199408135
        }
    ],
    "cADpyr_L2TPC2": [
        {
            "thresh": -0.00006237087555132337,
            "holding": 0.06531672151396438
        }
    ],
    "cADpyr_L6UPC4": [
        {
            "thresh": -0.02352000550308974,
            "holding": 0.03795465366646824
        }
    ],
    "cADpyr_L6UPC1": [
        {
            "thresh": -0.017789593594443105,
            "holding": 0.03316323584745188
        }
    ],
    "cADpyr_L2TPC4": [
        {
            "thresh": -0.000055628381035088305,
            "holding": 0.05135999272392779
        }
    ],
    "cADpyr_L6UPC2": [
        {
            "thresh": -0.02509588429608748,
            "holding": 0.044095828109882815
        }
    ],
    "cADpyr_L4TPC2": [
        {
            "thresh": -0.03366598083951844,
            "holding": 0.0694636993836478
        }
    ],
    "cADpyr_L4TPC3": [
        {
            "thresh": -0.03463146023505478,
            "holding": 0.07566271053931749
        }
    ],
    "cADpyr_L4TPC5": [
        {
            "thresh": -0.039064188660388605,
            "holding": 0.05209586838443088
        }
    ],
    "cADpyr_L3TPC3": [
        {
            "thresh": -0.01556598556943707,
            "holding": 0.05007991730028022
        }
    ],
    "cADpyr_L3TPC1": [
        {
            "thresh": -0.000041208957428637344,
            "holding": 0.061222797084904725
        }
    ],
    "cADpyr_L6IPC7": [
        {
            "thresh": -0.05436821049896213,
            "holding": 0.06826910658826577
        }
    ],
    "cADpyr_L6IPC6": [
        {
            "thresh": -0.03193617305115082,
            "holding": 0.047774802095298
        }
    ]
}